{
  "version": 2,
  "builds": [
    {
      "src": "public/**/*",
      "use": "@vercel/static"
    },
    {
      "src": "api/whatsapp.js",
      "use": "@vercel/node"
    }
  ],
  "routes": [
    {
      "src": "/api/(.*)",
      "dest": "/api/whatsapp.js"
    },
    {
      "src": "/",
      "dest": "/public/index.html"
    },
    {
      "src": "/admin",
      "dest": "/public/admin.html"
    },
    {
      "src": "/(.*)",
      "dest": "/public/$1"
    }
  ],
  "env": {
    "NODE_ENV": "production",
    "VERCEL_URL": "@vercel_url"
  },
  "functions": {
    "api/whatsapp.js": {
      "maxDuration": 60,
      "memory": 1024
    }
  },
  "regions": ["sin1"]
}